staging_id,raw_id,inmobiliaria_id,inmobiliaria,validation_score,priority_estimada,geocoding_status,precio,moneda,latitud,longitud,ciudad,provincia,titulo,url_normalizada
81645,82135,6335,SV Inmobiliaria,100,1,done,95000,USD,-37.302082,-59.170547,Tandil,Buenos Aires,Casas en Venta - ALONSO Y AZUCENA,svestudioinmobiliario.com.ar/casas-en-venta-en-tandil-alonso-y-azucena-45384-175.html
81646,82136,6335,SV Inmobiliaria,100,1,done,100000,USD,-37.321529,-59.154443,Tandil,Buenos Aires,Casas en Venta - ARENALES AL 200,svestudioinmobiliario.com.ar/casas-en-venta-en-tandil-arenales-al-200-45394-175.html
81647,82137,6335,SV Inmobiliaria,100,1,done,180000,USD,-37.323423,-59.135002,Tandil,Buenos Aires,Casas en Venta - ALEM AL 700,svestudioinmobiliario.com.ar/casas-en-venta-en-tandil-alem-al-700-45382-175.html
81648,82138,6335,SV Inmobiliaria,100,1,done,385000,USD,-37.323955,-59.094086,Tandil,Buenos Aires,Casas en Venta - LOS AROMOS AL 400,svestudioinmobiliario.com.ar/casas-en-venta-en-tandil-los-aromos-al-400-48519-175.html
81649,82139,6335,SV Inmobiliaria,100,1,done,390000,USD,-37.327945,-59.116892,Tandil,Buenos Aires,Casas en Venta - AVDA. AVELLANEDA AL 1600,svestudioinmobiliario.com.ar/casas-en-venta-en-tandil-avda.-avellaneda-al-1600-45386-175.html
81650,82140,6335,SV Inmobiliaria,100,1,done,180000,USD,-37.324134,-59.087927,Tandil,Buenos Aires,Departamentos en Venta - Reforma Universitaria al 1800,svestudioinmobiliario.com.ar/departamentos-en-venta-en-tandil-reforma-universitaria-al-1800-46041-175.html
81651,82141,6335,SV Inmobiliaria,100,1,done,45000,USD,-37.346678,-59.189677,Tandil,Buenos Aires,Lotes en Venta - BENTEVEO Y MONTECRISTO,svestudioinmobiliario.com.ar/lotes-en-venta-en-tandil-benteveo-y-montecristo-45478-175.html
81652,82142,6335,SV Inmobiliaria,100,1,done,90000,USD,-37.325021,-59.111938,Tandil,Buenos Aires,Departamentos en Venta - FALUCHO AL 700,svestudioinmobiliario.com.ar/departamentos-en-venta-en-tandil-falucho-al-700-48364-175.html
81653,82143,6335,SV Inmobiliaria,100,1,done,25000,USD,-37.297175,-59.091486,Tandil,Buenos Aires,Lotes en Venta - LOTEO JUVENTUD UNIDA- PALACIOS Y LA BLANCA,svestudioinmobiliario.com.ar/lotes-en-venta-en-tandil-loteo-juventud-unida--palacios-y-la-blanca-45477-175.html
81654,82144,6335,SV Inmobiliaria,100,1,done,34000,USD,-37.326256,-59.13482,Tandil,Buenos Aires,Locales en Venta - GALERIA LOS PUENTES- 9 DE JULIO ENTRE PJE FOURNIER,svestudioinmobiliario.com.ar/locales-en-venta-en-tandil-galeria-los-puentes--9-de-julio-entre-pje-fournier-45473-175.html
81781,82271,3532,Mendocasa Lavalle,85,2,done,610000,USD,-32.9109708,-68.8483395,Mendoza,Mendoza,Venta Deposito en calle Maipu 235 – Ciudad Mendoza,inmobiliariamendocasa.com.ar/listings/1587
81782,82272,3532,Mendocasa Lavalle,85,2,done,60000,USD,-32.9109717,-68.8484415,Mendoza,Mendoza,Venta Terreno calle Maipu – Ciudad Mendoza,inmobiliariamendocasa.com.ar/listings/venta-terreno-calle-maipu-ciudad-mendoza
81814,82304,4418,Juan I. Pagliaro Propiedades,95,1,done,68000,USD,-37.307809,-59.125776,Tandil,Buenos Aires,Casas en Venta - Av. Balbín y Machado - Se vende con RENTA,pagliaropropiedades.com.ar/casas-en-venta-en-tandil-av.-balbín-y-machado---se-vende-con-renta-44315-161.html
81815,82305,4418,Juan I. Pagliaro Propiedades,95,1,done,85000,USD,-37.328161,-59.141464,Tandil,Buenos Aires,Casas en Venta - San Martín al 200,pagliaropropiedades.com.ar/casas-en-venta-en-tandil-san-martín-al-200-50591-161.html
81816,82306,4418,Juan I. Pagliaro Propiedades,95,1,done,90000,USD,-37.313545,-59.098045,Tandil,Buenos Aires,Casas en Venta - Muñiz al 200,pagliaropropiedades.com.ar/casas-en-venta-en-tandil-muñiz-al-200-48930-161.html
81817,82307,4418,Juan I. Pagliaro Propiedades,95,1,done,95000,USD,-37.282931,-59.364125,Tandil,Buenos Aires,Casas en Venta - Vulcano y Rivadavia,pagliaropropiedades.com.ar/casas-en-venta-en-tandil-vulcano-y-rivadavia-46254-161.html
81818,82308,4418,Juan I. Pagliaro Propiedades,100,1,done,100000,USD,-37.331914,-59.14185,Tandil,Buenos Aires,Casas en Venta - Alberdi al 400,pagliaropropiedades.com.ar/casas-en-venta-en-tandil-alberdi-al-400-49211-161.html
81819,82309,4418,Juan I. Pagliaro Propiedades,95,1,done,110000,USD,-37.358799,-59.123569,Tandil,Buenos Aires,Casas en Venta - Israel y Av. Don Bosco,pagliaropropiedades.com.ar/casas-en-venta-en-tandil-israel-y-av.-don-bosco-45996-161.html
81821,82311,4418,Juan I. Pagliaro Propiedades,95,1,done,110000,USD,-37.334132,-59.133739,Tandil,Buenos Aires,Casas en Venta - Fte. Independencia y Av. Avellaneda,pagliaropropiedades.com.ar/casas-en-venta-en-tandil-fte.-independencia-y-av.-avellaneda-49483-161.html
81823,82313,4418,Juan I. Pagliaro Propiedades,95,1,done,110000,USD,-37.310234,-59.119481,Tandil,Buenos Aires,Casas en Venta - Piñeiro al 1300,pagliaropropiedades.com.ar/casas-en-venta-en-tandil-piñeiro-al-1300-51372-161.html
81824,82314,4418,Juan I. Pagliaro Propiedades,95,1,done,120000,USD,-37.338364,-59.145176,Tandil,Buenos Aires,Casas en Venta - Payró al 100,pagliaropropiedades.com.ar/casas-en-venta-en-tandil-payró-al-100-51713-161.html
81825,82315,4418,Juan I. Pagliaro Propiedades,100,1,done,125000,USD,-37.312939,-59.131894,Tandil,Buenos Aires,Casas en Venta - Uriburu al 1300,pagliaropropiedades.com.ar/casas-en-venta-en-tandil-uriburu-al-1300-51064-161.html
81826,82316,4418,Juan I. Pagliaro Propiedades,100,1,done,130000,USD,-37.324168,-59.146442,Tandil,Buenos Aires,Casas en Venta - Alberdi al 1000,pagliaropropiedades.com.ar/casas-en-venta-en-tandil-alberdi-al-1000-50502-161.html
81827,82317,4418,Juan I. Pagliaro Propiedades,95,1,done,132000,USD,-37.320431,-59.136722,Tandil,Buenos Aires,Casas en Venta - Garibaldi y Alem,pagliaropropiedades.com.ar/casas-en-venta-en-tandil-garibaldi-y-alem-51330-161.html
81828,82318,4418,Juan I. Pagliaro Propiedades,100,1,done,140000,USD,-37.279841,-59.363036,Tandil,Buenos Aires,Casas en Venta - Calle 8 y Calle 13,pagliaropropiedades.com.ar/casas-en-venta-en-tandil-calle-8-y-calle-13-46285-161.html
81829,82319,4418,Juan I. Pagliaro Propiedades,95,1,done,145000,USD,-37.317342,-59.109406,Tandil,Buenos Aires,Casas en Venta - Caseros y Piedrabuena,pagliaropropiedades.com.ar/casas-en-venta-en-tandil-caseros-y-piedrabuena-51488-161.html
81830,82320,4418,Juan I. Pagliaro Propiedades,100,1,done,158000,USD,-37.352966,-59.130263,Tandil,Buenos Aires,Casas en Venta - Sinka al 1500,pagliaropropiedades.com.ar/casas-en-venta-en-tandil-sinka-al-1500-51420-161.html
81831,82321,4418,Juan I. Pagliaro Propiedades,100,1,done,170000,USD,-37.295308,-59.175496,Tandil,Buenos Aires,Casas en Venta - Guise al 300,pagliaropropiedades.com.ar/casas-en-venta-en-tandil-guise-al-300-49968-161.html
81832,82322,4418,Juan I. Pagliaro Propiedades,95,1,done,170000,USD,-37.339575,-59.16157,Tandil,Buenos Aires,Casas en Venta - Miguel Abuelo y Moro,pagliaropropiedades.com.ar/casas-en-venta-en-tandil-miguel-abuelo-y-moro-46372-161.html
81833,82323,4418,Juan I. Pagliaro Propiedades,100,1,done,175000,USD,-37.332768,-59.129791,Tandil,Buenos Aires,Casas en Venta - Sandino al 100,pagliaropropiedades.com.ar/casas-en-venta-en-tandil-sandino-al-100-48728-161.html
81834,82324,4418,Juan I. Pagliaro Propiedades,100,1,done,175000,USD,-37.321045,-59.160991,Tandil,Buenos Aires,Casas en Venta - Bariffi y 12 de Octubre,pagliaropropiedades.com.ar/casas-en-venta-en-tandil-bariffi-y-12-de-octubre-46175-161.html
81835,82325,4418,Juan I. Pagliaro Propiedades,100,1,done,180000,USD,-37.32224,-59.156635,Tandil,Buenos Aires,Casas en Venta - Ezeiza al 1400,pagliaropropiedades.com.ar/casas-en-venta-en-tandil-ezeiza-al-1400-51558-161.html
81836,82326,4418,Juan I. Pagliaro Propiedades,95,1,done,200000,USD,-37.339001,-59.120014,Tandil,Buenos Aires,Casas en Venta - Rubén Darío al 700,pagliaropropiedades.com.ar/casas-en-venta-en-tandil-rubén-darío-al-700-45385-161.html
81837,82327,4418,Juan I. Pagliaro Propiedades,95,1,done,200000,USD,-37.327785,-59.128332,Tandil,Buenos Aires,Casas en Venta - Maipú al 1000,pagliaropropiedades.com.ar/casas-en-venta-en-tandil-maipú-al-1000-50421-161.html
81838,82328,4418,Juan I. Pagliaro Propiedades,100,1,done,258000,USD,-37.321438,-59.120092,Tandil,Buenos Aires,Casas en Venta - Pinto al 1700,pagliaropropiedades.com.ar/casas-en-venta-en-tandil-pinto-al-1700-50141-161.html
81839,82329,4418,Juan I. Pagliaro Propiedades,95,1,done,280000,USD,-37.323861,-59.141293,Tandil,Buenos Aires,Casas en Venta - Av. España y Chacabuco,pagliaropropiedades.com.ar/casas-en-venta-en-tandil-av.-españa-y-chacabuco-50142-161.html
81840,82330,4418,Juan I. Pagliaro Propiedades,100,1,done,320000,USD,-37.329628,-59.121991,Tandil,Buenos Aires,Casas en Venta - Av. Avellaneda 1200,pagliaropropiedades.com.ar/casas-en-venta-en-tandil-av.-avellaneda-1200-46141-161.html
81841,82331,4418,Juan I. Pagliaro Propiedades,100,1,done,320000,USD,-37.320653,-59.137087,Tandil,Buenos Aires,Casas en Venta - Garibaldi al 700,pagliaropropiedades.com.ar/casas-en-venta-en-tandil-garibaldi-al-700-48135-161.html
